Simulation Result,Success

,Leg State Bit,Is Grounded, , , , , , Discretized Leg Pos, , , , , , Discretized Com Pos,Center of Mass[mm], , ,Quaternion, , , ,Leg Pos 0[mm], , ,Leg Pos 1[mm], , ,Leg Pos 2[mm], , ,Leg Pos 3[mm], , ,Leg Pos 4[mm], , ,Leg Pos 5[mm], , , Reference Pos 0[mm],,,Reference Pos 1[mm],,,Reference Pos 2[mm],,,Reference Pos 3[mm],,,Reference Pos 4[mm],,,Reference Pos 5[mm],,,Next Move,Time[milli sec],Graph Search Result
,,leg0,leg1,leg2,leg3,leg4,leg5,leg0,leg1,leg2,leg3,leg4,leg5,,x,y,z,w,v-x,v-y,v-z,x,y,z,x,y,z,x,y,z,x,y,z,x,y,z,x,y,z,x,y,z,x,y,z,x,y,z,x,y,z,x,y,z,x,y,z,,,,
0,'1000110011001100110011001100,true,true,true,true,true,true,Center,Center,Center,Center,Center,Center,CenterBack,   -25.737,   -28.772,    30.000,     1.000,     0.000,     0.000,     0.000,   113.137,  -113.137,   -30.000,    -0.000,  -160.000,   -30.000,  -113.137,  -113.137,   -30.000,  -113.137,   113.137,   -30.000,    -0.000,   160.000,   -30.000,   113.137,   113.137,   -30.000,   113.137,  -113.137,   -30.000,    -0.000,  -160.000,   -30.000,  -113.137,  -113.137,   -30.000,  -113.137,   113.137,   -30.000,    -0.000,   160.000,   -30.000,   113.137,   113.137,   -30.000,LegHierarchyChange,     0.000,Success,,
1,'1000110011001100110011001100,true,true,true,true,true,true,Center,Center,Center,Center,Center,Center,CenterBack,   -25.737,   -28.772,    30.000,     1.000,     0.000,     0.000,     0.000,   113.137,  -113.137,   -30.000,    -0.000,  -160.000,   -30.000,  -113.137,  -113.137,   -30.000,  -113.137,   113.137,   -30.000,    -0.000,   160.000,   -30.000,   113.137,   113.137,   -30.000,   113.137,  -113.137,   -30.000,    -0.000,  -160.000,   -30.000,  -113.137,  -113.137,   -30.000,  -113.137,   113.137,   -30.000,    -0.000,   160.000,   -30.000,   113.137,   113.137,   -30.000,LegUpDown,    12.777,Success,,
2,'1000110011000100110011000100,false,true,true,false,true,true,Center,Center,Center,Center,Center,Center,CenterBack,   -25.737,   -28.772,    30.000,     1.000,     0.000,     0.000,     0.000,   113.137,  -113.137,   -20.000,    -0.000,  -160.000,   -30.000,  -113.137,  -113.137,   -30.000,  -113.137,   113.137,   -20.000,    -0.000,   160.000,   -30.000,   113.137,   113.137,   -30.000,   113.137,  -113.137,   -30.000,    -0.000,  -160.000,   -30.000,  -113.137,  -113.137,   -30.000,  -113.137,   113.137,   -30.000,    -0.000,   160.000,   -30.000,   113.137,   113.137,   -30.000,ComUpDown,    18.199,Success,,
3,'1000110011000100110011000100,false,true,true,false,true,true,Center,Center,Center,Center,Center,Center,CenterBack,   -25.737,   -28.772,    30.000,     1.000,     0.000,     0.000,     0.000,   113.137,  -113.137,   -20.000,    -0.000,  -160.000,   -30.000,  -113.137,  -113.137,   -30.000,  -113.137,   113.137,   -20.000,    -0.000,   160.000,   -30.000,   113.137,   113.137,   -30.000,   113.137,  -113.137,   -30.000,    -0.000,  -160.000,   -30.000,  -113.137,  -113.137,   -30.000,  -113.137,   113.137,   -30.000,    -0.000,   160.000,   -30.000,   113.137,   113.137,   -30.000,ComMove,    32.146,Success,,
4,'0001110011000100110011000100,false,true,true,false,true,true,Center,Center,Center,Center,Center,Center,Front,    73.351,   -58.767,    30.000,     1.000,     0.000,     0.000,     0.000,   113.137,  -113.137,   -20.000,   -99.088,  -130.005,   -30.000,  -212.225,   -83.142,   -30.000,  -113.137,   113.137,   -20.000,   -99.088,   189.995,   -30.000,    14.049,   143.132,   -30.000,   113.137,  -113.137,   -30.000,   -99.088,  -130.005,   -30.000,  -212.225,   -83.142,   -30.000,  -113.137,   113.137,   -30.000,   -99.088,   189.995,   -30.000,    14.049,   143.132,   -30.000,LegHierarchyChange,    10.273,Success,,
5,'0001110011000001110011000001,false,true,true,false,true,true,LowerBack,Center,Center,LowerBack,Center,Center,Front,    73.351,   -58.767,    30.000,     1.000,     0.000,     0.000,     0.000,   113.137,  -113.137,   -20.000,   -99.088,  -130.005,   -30.000,  -212.225,   -83.142,   -30.000,  -113.137,   113.137,   -20.000,   -99.088,   189.995,   -30.000,    14.049,   143.132,   -30.000,   113.137,  -113.137,   -30.000,   -99.088,  -130.005,   -30.000,  -212.225,   -83.142,   -30.000,  -113.137,   113.137,   -30.000,   -99.088,   189.995,   -30.000,    14.049,   143.132,   -30.000,LegUpDown,   174.579,Success,,
6,'0001110001001001010001001001,true,false,false,true,false,true,LowerBack,Center,Center,LowerBack,Center,Center,Front,    73.351,   -58.767,    30.000,     1.000,     0.000,     0.000,     0.000,    24.649,  -140.233,   -31.116,   -99.088,  -130.005,   -20.000,  -212.225,   -83.142,   -20.000,  -151.351,    17.767,   -31.116,   -99.088,   189.995,   -20.000,    14.049,   143.132,   -30.000,    24.649,  -140.233,   -31.116,    -0.000,  -160.000,   -30.000,  -113.137,  -113.137,   -30.000,  -151.351,    17.767,   -31.116,    -0.000,   160.000,   -30.000,    14.049,   143.132,   -30.000,ComUpDown,    36.702,Success,,
7,'0001110001001001010001001001,true,false,false,true,false,true,LowerBack,Center,Center,LowerBack,Center,Center,Front,    73.351,   -58.767,   160.000,     1.000,     0.000,     0.000,     0.000,    24.649,  -140.233,  -161.116,   -99.088,  -130.005,   -20.000,  -212.225,   -83.142,   -20.000,  -151.351,    17.767,  -161.116,   -99.088,   189.995,   -20.000,    14.049,   143.132,  -160.000,    24.649,  -140.233,  -161.116,    -0.000,  -160.000,  -160.000,  -113.137,  -113.137,  -160.000,  -151.351,    17.767,  -161.116,    -0.000,   160.000,  -160.000,    14.049,   143.132,  -160.000,ComMove,   162.488,Success,,
8,'0001110001001001010001001001,true,false,false,true,false,true,LowerBack,Center,Center,LowerBack,Center,Center,Front,    73.351,   -58.767,   160.000,     1.000,     0.000,     0.000,     0.000,    24.649,  -140.233,  -161.116,   -99.088,  -130.005,   -20.000,  -212.225,   -83.142,   -20.000,  -151.351,    17.767,  -161.116,   -99.088,   189.995,   -20.000,    14.049,   143.132,  -160.000,    24.649,  -140.233,  -161.116,    -0.000,  -160.000,  -160.000,  -113.137,  -113.137,  -160.000,  -151.351,    17.767,  -161.116,    -0.000,   160.000,  -160.000,    14.049,   143.132,  -160.000,LegHierarchyChange,    24.107,Success,,
9,'0001110001001001010101011001,true,false,false,true,false,true,LowerBack,LowerFront,LowerFront,LowerBack,Center,Center,Front,    73.351,   -58.767,   160.000,     1.000,     0.000,     0.000,     0.000,    24.649,  -140.233,  -161.116,   -99.088,  -130.005,   -20.000,  -212.225,   -83.142,   -20.000,  -151.351,    17.767,  -161.116,   -99.088,   189.995,   -20.000,    14.049,   143.132,  -160.000,    24.649,  -140.233,  -161.116,    -0.000,  -160.000,  -160.000,  -113.137,  -113.137,  -160.000,  -151.351,    17.767,  -161.116,    -0.000,   160.000,  -160.000,    14.049,   143.132,  -160.000,LegUpDown,   540.954,Success,,
10,'0001010011000001110111011001,true,true,true,false,true,false,LowerBack,LowerFront,LowerFront,LowerBack,Center,Center,Front,    73.351,   -58.767,   160.000,     1.000,     0.000,     0.000,     0.000,    24.649,  -140.233,  -161.116,    86.649,  -117.833,  -161.116,   -31.351,  -140.233,  -161.116,  -151.351,    17.767,   -20.000,     6.649,   155.367,  -161.116,    14.049,   143.132,   -20.000,    24.649,  -140.233,  -161.116,    86.649,  -117.833,  -161.116,   -31.351,  -140.233,  -161.116,  -113.137,   113.137,  -161.116,     6.649,   155.367,  -161.116,   113.137,   113.137,  -160.000,ComUpDown,    16.923,Success,,
11,'0001010011000001110111011001,true,true,true,false,true,false,LowerBack,LowerFront,LowerFront,LowerBack,Center,Center,Front,    73.351,   -58.767,   160.000,     1.000,     0.000,     0.000,     0.000,    24.649,  -140.233,  -161.116,    86.649,  -117.833,  -161.116,   -31.351,  -140.233,  -161.116,  -151.351,    17.767,   -20.000,     6.649,   155.367,  -161.116,    14.049,   143.132,   -20.000,    24.649,  -140.233,  -161.116,    86.649,  -117.833,  -161.116,   -31.351,  -140.233,  -161.116,  -113.137,   113.137,  -161.116,     6.649,   155.367,  -161.116,   113.137,   113.137,  -160.000,ComMove,    18.361,Success,,
12,'1000010011000100110011001100,true,true,true,false,true,false,Center,Center,Center,Center,Center,Center,CenterBack,    82.745,   -57.619,   160.000,     1.000,     0.000,     0.000,     0.000,    15.255,  -141.381,  -161.116,    77.255,  -118.981,  -161.116,   -40.745,  -141.381,  -161.116,  -151.351,    17.767,   -20.000,    -2.745,   154.219,  -161.116,    14.049,   143.132,   -20.000,    15.255,  -141.381,  -161.116,    77.255,  -118.981,  -161.116,   -40.745,  -141.381,  -161.116,  -113.137,   113.137,  -161.116,    -2.745,   154.219,  -161.116,   113.137,   113.137,  -160.000,LegHierarchyChange,     4.087,Success,,
13,'1000001111000101110011001100,true,true,true,false,true,false,Center,Center,Center,LowerFront,Center,UpperBack,CenterBack,    82.745,   -57.619,   160.000,     1.000,     0.000,     0.000,     0.000,    15.255,  -141.381,  -161.116,    77.255,  -118.981,  -161.116,   -40.745,  -141.381,  -161.116,  -151.351,    17.767,   -20.000,    -2.745,   154.219,  -161.116,    14.049,   143.132,   -20.000,    15.255,  -141.381,  -161.116,    77.255,  -118.981,  -161.116,   -40.745,  -141.381,  -161.116,  -113.137,   113.137,  -161.116,    -2.745,   154.219,  -161.116,   113.137,   113.137,  -160.000,LegUpDown,    86.394,Success,,
14,'1000101101001101010011000100,false,true,false,true,false,true,Center,Center,Center,LowerFront,Center,UpperBack,CenterBack,    82.745,   -57.619,   160.000,     1.000,     0.000,     0.000,     0.000,    15.255,  -141.381,   -20.000,    77.255,  -118.981,  -161.116,   -40.745,  -141.381,   -20.000,   -20.745,   156.619,  -161.116,    -2.745,   154.219,   -20.000,    35.255,   156.619,  -161.116,   113.137,  -113.137,  -161.116,    77.255,  -118.981,  -161.116,  -113.137,  -113.137,  -161.116,   -20.745,   156.619,  -161.116,    -0.000,   160.000,  -161.116,    35.255,   156.619,  -161.116,ComUpDown,    18.201,Success,,
15,'1000101101001101010011000100,false,true,false,true,false,true,Center,Center,Center,LowerFront,Center,UpperBack,CenterBack,    82.745,   -57.619,   160.000,     1.000,     0.000,     0.000,     0.000,    15.255,  -141.381,   -20.000,    77.255,  -118.981,  -161.116,   -40.745,  -141.381,   -20.000,   -20.745,   156.619,  -161.116,    -2.745,   154.219,   -20.000,    35.255,   156.619,  -161.116,   113.137,  -113.137,  -161.116,    77.255,  -118.981,  -161.116,  -113.137,  -113.137,  -161.116,   -20.745,   156.619,  -161.116,    -0.000,   160.000,  -161.116,    35.255,   156.619,  -161.116,ComMove,   158.394,Success,,
16,'1000110001001100010011000100,false,true,false,true,false,true,Center,Center,Center,Center,Center,Center,CenterBack,   102.222,   -43.590,   160.000,     1.000,     0.000,     0.000,     0.000,    15.255,  -141.381,   -20.000,    57.778,  -133.010,  -161.116,   -40.745,  -141.381,   -20.000,   -40.222,   142.590,  -161.116,    -2.745,   154.219,   -20.000,    15.778,   142.590,  -161.116,   113.137,  -113.137,  -161.116,    57.778,  -133.010,  -161.116,  -113.137,  -113.137,  -161.116,   -40.222,   142.590,  -161.116,    -0.000,   160.000,  -161.116,    15.778,   142.590,  -161.116,LegHierarchyChange,    22.785,Success,,
17,'1000110001001100011111000111,false,true,false,true,false,true,UpperFront,Center,UpperFront,Center,Center,Center,CenterBack,   102.222,   -43.590,   160.000,     1.000,     0.000,     0.000,     0.000,    15.255,  -141.381,   -20.000,    57.778,  -133.010,  -161.116,   -40.745,  -141.381,   -20.000,   -40.222,   142.590,  -161.116,    -2.745,   154.219,   -20.000,    15.778,   142.590,  -161.116,   113.137,  -113.137,  -161.116,    57.778,  -133.010,  -161.116,  -113.137,  -113.137,  -161.116,   -40.222,   142.590,  -161.116,    -0.000,   160.000,  -161.116,    15.778,   142.590,  -161.116,LegUpDown,   430.038,Success,,
18,'1000010011001100011111001111,true,true,false,true,true,false,UpperFront,Center,UpperFront,Center,Center,Center,CenterBack,   102.222,   -43.590,   160.000,     1.000,     0.000,     0.000,     0.000,   235.778,   -35.410,   -31.116,    57.778,  -133.010,  -161.116,   -40.745,  -141.381,   -20.000,   -40.222,   142.590,  -161.116,    -2.222,   160.190,  -161.116,    15.778,   142.590,   -20.000,   235.778,   -35.410,   -31.116,    57.778,  -133.010,  -161.116,  -113.137,  -113.137,  -161.116,   -40.222,   142.590,  -161.116,    -2.222,   160.190,  -161.116,   113.137,   113.137,  -161.116,ComUpDown,     8.960,Success,,
19,'1000010011001100011111001111,true,true,false,true,true,false,UpperFront,Center,UpperFront,Center,Center,Center,CenterBack,   102.222,   -43.590,   160.000,     1.000,     0.000,     0.000,     0.000,   235.778,   -35.410,   -31.116,    57.778,  -133.010,  -161.116,   -40.745,  -141.381,   -20.000,   -40.222,   142.590,  -161.116,    -2.222,   160.190,  -161.116,    15.778,   142.590,   -20.000,   235.778,   -35.410,   -31.116,    57.778,  -133.010,  -161.116,  -113.137,  -113.137,  -161.116,   -40.222,   142.590,  -161.116,    -2.222,   160.190,  -161.116,   113.137,   113.137,  -161.116,ComMove,     4.821,Success,,
20,'0010010011001100010011001100,true,true,false,true,true,false,Center,Center,Center,Center,Center,Center,FrontLeft,   151.463,   -33.784,   160.000,     1.000,     0.000,     0.000,     0.000,   186.537,   -45.216,   -31.116,     8.537,  -142.816,  -161.116,   -40.745,  -141.381,   -20.000,   -89.463,   132.784,  -161.116,   -51.463,   150.384,  -161.116,    15.778,   142.590,   -20.000,   186.537,   -45.216,   -31.116,     8.537,  -142.816,  -161.116,  -113.137,  -113.137,  -161.116,   -89.463,   132.784,  -161.116,   -51.463,   150.384,  -161.116,   113.137,   113.137,  -161.116,LegHierarchyChange,     4.629,Success,,
21,'0010011111001100011111001100,true,true,false,true,true,false,Center,Center,UpperFront,Center,Center,UpperFront,FrontLeft,   151.463,   -33.784,   160.000,     1.000,     0.000,     0.000,     0.000,   186.537,   -45.216,   -31.116,     8.537,  -142.816,  -161.116,   -40.745,  -141.381,   -20.000,   -89.463,   132.784,  -161.116,   -51.463,   150.384,  -161.116,    15.778,   142.590,   -20.000,   186.537,   -45.216,   -31.116,     8.537,  -142.816,  -161.116,  -113.137,  -113.137,  -161.116,   -89.463,   132.784,  -161.116,   -51.463,   150.384,  -161.116,   113.137,   113.137,  -161.116,LegUpDown,    52.715,Success,,
22,'0010111111000100011111001100,true,true,false,false,true,true,Center,Center,UpperFront,Center,Center,UpperFront,FrontLeft,   151.463,   -33.784,   160.000,     1.000,     0.000,     0.000,     0.000,   186.537,   -45.216,   -31.116,     8.537,  -142.816,  -161.116,   -40.745,  -141.381,   -20.000,   -89.463,   132.784,   -20.000,   -51.463,   150.384,  -161.116,   226.537,    32.784,   -31.116,   186.537,   -45.216,   -31.116,     8.537,  -142.816,  -161.116,  -113.137,  -113.137,  -161.116,  -113.137,   113.137,  -161.116,   -51.463,   150.384,  -161.116,   226.537,    32.784,   -31.116,ComUpDown,     4.679,Success,,
23,'0010111111000100011111001100,true,true,false,false,true,true,Center,Center,UpperFront,Center,Center,UpperFront,FrontLeft,   151.463,   -33.784,   160.000,     1.000,     0.000,     0.000,     0.000,   186.537,   -45.216,   -31.116,     8.537,  -142.816,  -161.116,   -40.745,  -141.381,   -20.000,   -89.463,   132.784,   -20.000,   -51.463,   150.384,  -161.116,   226.537,    32.784,   -31.116,   186.537,   -45.216,   -31.116,     8.537,  -142.816,  -161.116,  -113.137,  -113.137,  -161.116,  -113.137,   113.137,  -161.116,   -51.463,   150.384,  -161.116,   226.537,    32.784,   -31.116,ComMove,     2.483,Success,,
24,'0111110011000100010011001100,true,true,false,false,true,true,Center,Center,Center,Center,Center,Center,CenterFront,   175.863,   -24.680,   160.000,     1.000,     0.000,     0.000,     0.000,   162.137,   -54.320,   -31.116,   -15.863,  -151.920,  -161.116,   -40.745,  -141.381,   -20.000,   -89.463,   132.784,   -20.000,   -75.863,   141.280,  -161.116,   202.137,    23.680,   -31.116,   162.137,   -54.320,   -31.116,   -15.863,  -151.920,  -161.116,  -113.137,  -113.137,  -161.116,  -113.137,   113.137,  -161.116,   -75.863,   141.280,  -161.116,   202.137,    23.680,   -31.116,LegHierarchyChange,     2.163,Success,,
25,'0111110011000100010111001100,true,true,false,false,true,true,Center,Center,LowerFront,Center,Center,Center,CenterFront,   175.863,   -24.680,   160.000,     1.000,     0.000,     0.000,     0.000,   162.137,   -54.320,   -31.116,   -15.863,  -151.920,  -161.116,   -40.745,  -141.381,   -20.000,   -89.463,   132.784,   -20.000,   -75.863,   141.280,  -161.116,   202.137,    23.680,   -31.116,   162.137,   -54.320,   -31.116,   -15.863,  -151.920,  -161.116,  -113.137,  -113.137,  -161.116,  -113.137,   113.137,  -161.116,   -75.863,   141.280,  -161.116,   202.137,    23.680,   -31.116,LegUpDown,    20.231,Success,,
26,'0111010001001100110101001100,true,false,true,true,false,false,Center,Center,LowerFront,Center,Center,Center,CenterFront,   175.863,   -24.680,   160.000,     1.000,     0.000,     0.000,     0.000,   162.137,   -54.320,   -31.116,   -15.863,  -151.920,   -20.000,   -13.863,  -154.320,  -161.116,  -113.863,   103.680,  -161.116,   -75.863,   141.280,   -20.000,   202.137,    23.680,   -20.000,   162.137,   -54.320,   -31.116,    -0.000,  -160.000,  -161.116,   -13.863,  -154.320,  -161.116,  -113.863,   103.680,  -161.116,    -0.000,   160.000,  -161.116,   113.137,   113.137,   -31.116,ComUpDown,     6.499,Success,,
27,'0111010001001100110101001100,true,false,true,true,false,false,Center,Center,LowerFront,Center,Center,Center,CenterFront,   175.863,   -24.680,   160.000,     1.000,     0.000,     0.000,     0.000,   162.137,   -54.320,   -31.116,   -15.863,  -151.920,   -20.000,   -13.863,  -154.320,  -161.116,  -113.863,   103.680,  -161.116,   -75.863,   141.280,   -20.000,   202.137,    23.680,   -20.000,   162.137,   -54.320,   -31.116,    -0.000,  -160.000,  -161.116,   -13.863,  -154.320,  -161.116,  -113.863,   103.680,  -161.116,    -0.000,   160.000,  -161.116,   113.137,   113.137,   -31.116,ComMove,    24.944,Success,,
28,'0111010001001100110001001100,true,false,true,true,false,false,Center,Center,Center,Center,Center,Center,CenterFront,   179.101,   -21.439,   160.000,     1.000,     0.000,     0.000,     0.000,   158.899,   -57.561,   -31.116,   -15.863,  -151.920,   -20.000,   -17.101,  -157.561,  -161.116,  -117.101,   100.439,  -161.116,   -75.863,   141.280,   -20.000,   202.137,    23.680,   -20.000,   158.899,   -57.561,   -31.116,    -0.000,  -160.000,  -161.116,   -17.101,  -157.561,  -161.116,  -117.101,   100.439,  -161.116,    -0.000,   160.000,  -161.116,   113.137,   113.137,   -31.116,LegHierarchyChange,    20.185,Success,,
29,'0111010001011100110001001100,true,false,true,true,false,false,Center,Center,Center,Center,LowerFront,Center,CenterFront,   179.101,   -21.439,   160.000,     1.000,     0.000,     0.000,     0.000,   158.899,   -57.561,   -31.116,   -15.863,  -151.920,   -20.000,   -17.101,  -157.561,  -161.116,  -117.101,   100.439,  -161.116,   -75.863,   141.280,   -20.000,   202.137,    23.680,   -20.000,   158.899,   -57.561,   -31.116,    -0.000,  -160.000,  -161.116,   -17.101,  -157.561,  -161.116,  -117.101,   100.439,  -161.116,    -0.000,   160.000,  -161.116,   113.137,   113.137,   -31.116,LegUpDown,   236.720,Success,,
30,'0111110011010100110011000100,false,true,true,false,true,true,Center,Center,Center,Center,LowerFront,Center,CenterFront,   179.101,   -21.439,   160.000,     1.000,     0.000,     0.000,     0.000,   158.899,   -57.561,   -20.000,     0.899,  -155.161,  -161.116,   -17.101,  -157.561,  -161.116,  -117.101,   100.439,   -20.000,    80.899,   118.039,  -161.116,   118.899,   120.439,   -31.116,   113.137,  -113.137,   -31.116,     0.899,  -155.161,  -161.116,   -17.101,  -157.561,  -161.116,  -113.137,   113.137,  -161.116,    80.899,   118.039,  -161.116,   118.899,   120.439,   -31.116,ComUpDown,     4.302,Success,,
31,'0111110011010100110011000100,false,true,true,false,true,true,Center,Center,Center,Center,LowerFront,Center,CenterFront,   179.101,   -21.439,   160.000,     1.000,     0.000,     0.000,     0.000,   158.899,   -57.561,   -20.000,     0.899,  -155.161,  -161.116,   -17.101,  -157.561,  -161.116,  -117.101,   100.439,   -20.000,    80.899,   118.039,  -161.116,   118.899,   120.439,   -31.116,   113.137,  -113.137,   -31.116,     0.899,  -155.161,  -161.116,   -17.101,  -157.561,  -161.116,  -113.137,   113.137,  -161.116,    80.899,   118.039,  -161.116,   118.899,   120.439,   -31.116,ComMove,     4.884,Success,,
32,'0010110011000100110011000100,false,true,true,false,true,true,Center,Center,Center,Center,Center,Center,FrontLeft,   269.634,   -60.106,   160.000,     1.000,     0.000,     0.000,     0.000,   158.899,   -57.561,   -20.000,   -89.634,  -116.494,  -161.116,  -107.634,  -118.894,  -161.116,  -117.101,   100.439,   -20.000,    -9.634,   156.706,  -161.116,    28.366,   159.106,   -31.116,   113.137,  -113.137,   -31.116,   -89.634,  -116.494,  -161.116,  -107.634,  -118.894,  -161.116,  -113.137,   113.137,  -161.116,    -9.634,   156.706,  -161.116,    28.366,   159.106,   -31.116,LegHierarchyChange,     6.297,Success,,
33,'0010110011000001110011000100,false,true,true,false,true,true,Center,Center,Center,LowerBack,Center,Center,FrontLeft,   269.634,   -60.106,   160.000,     1.000,     0.000,     0.000,     0.000,   158.899,   -57.561,   -20.000,   -89.634,  -116.494,  -161.116,  -107.634,  -118.894,  -161.116,  -117.101,   100.439,   -20.000,    -9.634,   156.706,  -161.116,    28.366,   159.106,   -31.116,   113.137,  -113.137,   -31.116,   -89.634,  -116.494,  -161.116,  -107.634,  -118.894,  -161.116,  -113.137,   113.137,  -161.116,    -9.634,   156.706,  -161.116,    28.366,   159.106,   -31.116,LegUpDown,    72.823,Success,,
34,'0010110001001001010001001100,true,false,false,true,false,true,Center,Center,Center,LowerBack,Center,Center,FrontLeft,   269.634,   -60.106,   160.000,     1.000,     0.000,     0.000,     0.000,   108.366,  -118.894,   -31.116,   -89.634,  -116.494,   -20.000,  -107.634,  -118.894,   -20.000,  -147.634,    19.106,  -161.116,    -9.634,   156.706,   -20.000,    28.366,   159.106,   -31.116,   108.366,  -118.894,   -31.116,    -0.000,  -160.000,  -161.116,  -113.137,  -113.137,  -161.116,  -147.634,    19.106,  -161.116,    -0.000,   160.000,  -161.116,    28.366,   159.106,   -31.116,ComUpDown,    14.407,Success,,
35,'0010110001001001010001001100,true,false,false,true,false,true,Center,Center,Center,LowerBack,Center,Center,FrontLeft,   269.634,   -60.106,   160.000,     1.000,     0.000,     0.000,     0.000,   108.366,  -118.894,   -31.116,   -89.634,  -116.494,   -20.000,  -107.634,  -118.894,   -20.000,  -147.634,    19.106,  -161.116,    -9.634,   156.706,   -20.000,    28.366,   159.106,   -31.116,   108.366,  -118.894,   -31.116,    -0.000,  -160.000,  -161.116,  -113.137,  -113.137,  -161.116,  -147.634,    19.106,  -161.116,    -0.000,   160.000,  -161.116,    28.366,   159.106,   -31.116,ComMove,   130.044,Success,,
36,'0001110001001100010001001100,true,false,false,true,false,true,Center,Center,Center,Center,Center,Center,Front,   281.283,   -63.165,   160.000,     1.000,     0.000,     0.000,     0.000,    96.717,  -115.835,   -31.116,   -89.634,  -116.494,   -20.000,  -107.634,  -118.894,   -20.000,  -159.283,    22.165,  -161.116,    -9.634,   156.706,   -20.000,    16.717,   162.165,   -31.116,    96.717,  -115.835,   -31.116,    -0.000,  -160.000,  -161.116,  -113.137,  -113.137,  -161.116,  -159.283,    22.165,  -161.116,    -0.000,   160.000,  -161.116,    16.717,   162.165,   -31.116,LegHierarchyChange,    20.843,Success,,
37,'0001110000011100011101001100,true,false,false,true,false,true,Center,Center,UpperFront,Center,LowerBack,Center,Front,   281.283,   -63.165,   160.000,     1.000,     0.000,     0.000,     0.000,    96.717,  -115.835,   -31.116,   -89.634,  -116.494,   -20.000,  -107.634,  -118.894,   -20.000,  -159.283,    22.165,  -161.116,    -9.634,   156.706,   -20.000,    16.717,   162.165,   -31.116,    96.717,  -115.835,   -31.116,    -0.000,  -160.000,  -161.116,  -113.137,  -113.137,  -161.116,  -159.283,    22.165,  -161.116,    -0.000,   160.000,  -161.116,    16.717,   162.165,   -31.116,LegUpDown,   332.202,Success,,
38,'0001010010010100011111001100,true,true,false,false,true,false,Center,Center,UpperFront,Center,LowerBack,Center,Front,   281.283,   -63.165,   160.000,     1.000,     0.000,     0.000,     0.000,    96.717,  -115.835,   -31.116,    -1.283,  -153.435,  -161.116,  -107.634,  -118.894,   -20.000,  -159.283,    22.165,   -20.000,   -81.283,   119.765,  -161.116,    16.717,   162.165,   -20.000,    96.717,  -115.835,   -31.116,    -1.283,  -153.435,  -161.116,  -113.137,  -113.137,  -161.116,  -113.137,   113.137,  -161.116,   -81.283,   119.765,  -161.116,   113.137,   113.137,   -31.116,ComUpDown,    10.820,Success,,
39,'0001010010010100011111001100,true,true,false,false,true,false,Center,Center,UpperFront,Center,LowerBack,Center,Front,   281.283,   -63.165,   160.000,     1.000,     0.000,     0.000,     0.000,    96.717,  -115.835,   -31.116,    -1.283,  -153.435,  -161.116,  -107.634,  -118.894,   -20.000,  -159.283,    22.165,   -20.000,   -81.283,   119.765,  -161.116,    16.717,   162.165,   -20.000,    96.717,  -115.835,   -31.116,    -1.283,  -153.435,  -161.116,  -113.137,  -113.137,  -161.116,  -113.137,   113.137,  -161.116,   -81.283,   119.765,  -161.116,   113.137,   113.137,   -31.116,ComMove,   118.617,Success,,
40,'0001010011000100010011001100,true,true,false,false,true,false,Center,Center,Center,Center,Center,Center,Front,   296.167,   -61.711,   160.000,     1.000,     0.000,     0.000,     0.000,    81.833,  -117.289,   -31.116,   -16.167,  -154.889,  -161.116,  -107.634,  -118.894,   -20.000,  -159.283,    22.165,   -20.000,   -96.167,   118.311,  -161.116,    16.717,   162.165,   -20.000,    81.833,  -117.289,   -31.116,   -16.167,  -154.889,  -161.116,  -113.137,  -113.137,  -161.116,  -113.137,   113.137,  -161.116,   -96.167,   118.311,  -161.116,   113.137,   113.137,   -31.116,LegHierarchyChange,    20.222,Success,,
41,'0001011111000101011111001100,true,true,false,false,true,false,Center,Center,UpperFront,LowerFront,Center,UpperFront,Front,   296.167,   -61.711,   160.000,     1.000,     0.000,     0.000,     0.000,    81.833,  -117.289,   -31.116,   -16.167,  -154.889,  -161.116,  -107.634,  -118.894,   -20.000,  -159.283,    22.165,   -20.000,   -96.167,   118.311,  -161.116,    16.717,   162.165,   -20.000,    81.833,  -117.289,   -31.116,   -16.167,  -154.889,  -161.116,  -113.137,  -113.137,  -161.116,  -113.137,   113.137,  -161.116,   -96.167,   118.311,  -161.116,   113.137,   113.137,   -31.116,LegUpDown,   384.837,Success,,
42,'0001111101001101011111000100,false,true,false,true,false,true,Center,Center,UpperFront,LowerFront,Center,UpperFront,Front,   296.167,   -61.711,   160.000,     1.000,     0.000,     0.000,     0.000,    81.833,  -117.289,   -20.000,   -16.167,  -154.889,  -161.116,  -107.634,  -118.894,   -20.000,   -34.167,   140.711,  -161.116,   -96.167,   118.311,   -20.000,   221.833,    20.711,   -31.116,   113.137,  -113.137,   -31.116,   -16.167,  -154.889,  -161.116,  -113.137,  -113.137,  -161.116,   -34.167,   140.711,  -161.116,    -0.000,   160.000,  -161.116,   221.833,    20.711,   -31.116,ComUpDown,    10.041,Success,,
43,'0001111101001101011111000100,false,true,false,true,false,true,Center,Center,UpperFront,LowerFront,Center,UpperFront,Front,   296.167,   -61.711,   160.000,     1.000,     0.000,     0.000,     0.000,    81.833,  -117.289,   -20.000,   -16.167,  -154.889,  -161.116,  -107.634,  -118.894,   -20.000,   -34.167,   140.711,  -161.116,   -96.167,   118.311,   -20.000,   221.833,    20.711,   -31.116,   113.137,  -113.137,   -31.116,   -16.167,  -154.889,  -161.116,  -113.137,  -113.137,  -161.116,   -34.167,   140.711,  -161.116,    -0.000,   160.000,  -161.116,   221.833,    20.711,   -31.116,ComMove,   108.573,Success,,
44,'0111110001001100010011000100,false,true,false,true,false,true,Center,Center,Center,Center,Center,Center,CenterFront,   308.897,   -70.436,   160.000,     1.000,     0.000,     0.000,     0.000,    81.833,  -117.289,   -20.000,   -28.897,  -146.164,  -161.116,  -107.634,  -118.894,   -20.000,   -46.897,   149.436,  -161.116,   -96.167,   118.311,   -20.000,   209.103,    29.436,   -31.116,   113.137,  -113.137,   -31.116,   -28.897,  -146.164,  -161.116,  -113.137,  -113.137,  -161.116,   -46.897,   149.436,  -161.116,    -0.000,   160.000,  -161.116,   209.103,    29.436,   -31.116,LegHierarchyChange,    22.693,Success,,
45,'0111110001111100010111000111,false,true,false,true,false,true,UpperFront,Center,LowerFront,Center,UpperFront,Center,CenterFront,   308.897,   -70.436,   160.000,     1.000,     0.000,     0.000,     0.000,    81.833,  -117.289,   -20.000,   -28.897,  -146.164,  -161.116,  -107.634,  -118.894,   -20.000,   -46.897,   149.436,  -161.116,   -96.167,   118.311,   -20.000,   209.103,    29.436,   -31.116,   113.137,  -113.137,   -31.116,   -28.897,  -146.164,  -161.116,  -113.137,  -113.137,  -161.116,   -46.897,   149.436,  -161.116,    -0.000,   160.000,  -161.116,   209.103,    29.436,   -31.116,LegUpDown,   428.217,Success,,
46,'0111110011110100110101000111,false,false,true,false,true,true,UpperFront,Center,LowerFront,Center,UpperFront,Center,CenterFront,   308.897,   -70.436,   160.000,     1.000,     0.000,     0.000,     0.000,    81.833,  -117.289,   -20.000,   -28.897,  -146.164,   -20.000,   -26.897,  -148.564,  -161.116,   -46.897,   149.436,   -20.000,   111.103,   147.036,   -31.116,   209.103,    29.436,   -31.116,   113.137,  -113.137,   -31.116,    -0.000,  -160.000,  -161.116,   -26.897,  -148.564,  -161.116,  -113.137,   113.137,  -161.116,   111.103,   147.036,   -31.116,   209.103,    29.436,   -31.116,ComUpDown,    14.763,Success,,
47,'0111110011110100110101000111,false,false,true,false,true,true,UpperFront,Center,LowerFront,Center,UpperFront,Center,CenterFront,   308.897,   -70.436,   160.000,     1.000,     0.000,     0.000,     0.000,    81.833,  -117.289,   -20.000,   -28.897,  -146.164,   -20.000,   -26.897,  -148.564,  -161.116,   -46.897,   149.436,   -20.000,   111.103,   147.036,   -31.116,   209.103,    29.436,   -31.116,   113.137,  -113.137,   -31.116,    -0.000,  -160.000,  -161.116,   -26.897,  -148.564,  -161.116,  -113.137,   113.137,  -161.116,   111.103,   147.036,   -31.116,   209.103,    29.436,   -31.116,ComMove,   170.772,Success,,
48,'0110110011000100110001000100,false,false,true,false,true,true,Center,Center,Center,Center,Center,Center,FrontRight,   373.774,   -88.437,   160.000,     1.000,     0.000,     0.000,     0.000,    81.833,  -117.289,   -20.000,   -28.897,  -146.164,   -20.000,   -91.774,  -130.563,  -161.116,   -46.897,   149.436,   -20.000,    46.226,   165.037,   -31.116,   144.226,    47.437,   -31.116,   113.137,  -113.137,   -31.116,    -0.000,  -160.000,  -161.116,   -91.774,  -130.563,  -161.116,  -113.137,   113.137,  -161.116,    46.226,   165.037,   -31.116,   144.226,    47.437,   -31.116,LegHierarchyChange,    40.435,Success,,
49,'0110110011000101110001010111,false,false,true,false,true,true,UpperFront,LowerFront,Center,LowerFront,Center,Center,FrontRight,   373.774,   -88.437,   160.000,     1.000,     0.000,     0.000,     0.000,    81.833,  -117.289,   -20.000,   -28.897,  -146.164,   -20.000,   -91.774,  -130.563,  -161.116,   -46.897,   149.436,   -20.000,    46.226,   165.037,   -31.116,   144.226,    47.437,   -31.116,   113.137,  -113.137,   -31.116,    -0.000,  -160.000,  -161.116,   -91.774,  -130.563,  -161.116,  -113.137,   113.137,  -161.116,    46.226,   165.037,   -31.116,   144.226,    47.437,   -31.116,LegUpDown,   344.118,Success,,
50,'0110010001001101010011011111,true,true,false,true,false,false,UpperFront,LowerFront,Center,LowerFront,Center,Center,FrontRight,   373.774,   -88.437,   160.000,     1.000,     0.000,     0.000,     0.000,   224.226,   -30.563,   -31.116,    86.226,  -128.163,   -31.116,   -91.774,  -130.563,   -20.000,   -31.774,   147.437,  -161.116,    46.226,   165.037,   -20.000,   144.226,    47.437,   -20.000,   224.226,   -30.563,   -31.116,    86.226,  -128.163,   -31.116,  -113.137,  -113.137,  -161.116,   -31.774,   147.437,  -161.116,    -0.000,   160.000,   -31.116,   113.137,   113.137,   -31.116,ComUpDown,    12.731,Success,,
51,'0110010001001101010011011111,true,true,false,true,false,false,UpperFront,LowerFront,Center,LowerFront,Center,Center,FrontRight,   373.774,   -88.437,   160.000,     1.000,     0.000,     0.000,     0.000,   224.226,   -30.563,   -31.116,    86.226,  -128.163,   -31.116,   -91.774,  -130.563,   -20.000,   -31.774,   147.437,  -161.116,    46.226,   165.037,   -20.000,   144.226,    47.437,   -20.000,   224.226,   -30.563,   -31.116,    86.226,  -128.163,   -31.116,  -113.137,  -113.137,  -161.116,   -31.774,   147.437,  -161.116,    -0.000,   160.000,   -31.116,   113.137,   113.137,   -31.116,ComMove,   186.977,Success,,
52,'0111010001001100010011001100,true,true,false,true,false,false,Center,Center,Center,Center,Center,Center,CenterFront,   459.364,   -46.779,   160.000,     1.000,     0.000,     0.000,     0.000,   138.636,   -72.221,   -31.116,     0.636,  -169.821,   -31.116,   -91.774,  -130.563,   -20.000,  -117.364,   105.779,  -161.116,    46.226,   165.037,   -20.000,   144.226,    47.437,   -20.000,   138.636,   -72.221,   -31.116,     0.636,  -169.821,   -31.116,  -113.137,  -113.137,  -161.116,  -117.364,   105.779,  -161.116,    -0.000,   160.000,   -31.116,   113.137,   113.137,   -31.116,LegHierarchyChange,    52.133,Success,,
53,'0111010001001100010111001100,true,true,false,true,false,false,Center,Center,LowerFront,Center,Center,Center,CenterFront,   459.364,   -46.779,   160.000,     1.000,     0.000,     0.000,     0.000,   138.636,   -72.221,   -31.116,     0.636,  -169.821,   -31.116,   -91.774,  -130.563,   -20.000,  -117.364,   105.779,  -161.116,    46.226,   165.037,   -20.000,   144.226,    47.437,   -20.000,   138.636,   -72.221,   -31.116,     0.636,  -169.821,   -31.116,  -113.137,  -113.137,  -161.116,  -117.364,   105.779,  -161.116,    -0.000,   160.000,   -31.116,   113.137,   113.137,   -31.116,LegUpDown,   668.096,Success,,
54,'0111110011000100110111000100,false,true,true,false,true,true,Center,Center,LowerFront,Center,Center,Center,CenterFront,   459.364,   -46.779,   160.000,     1.000,     0.000,     0.000,     0.000,   138.636,   -72.221,   -20.000,     0.636,  -169.821,   -31.116,   -17.364,  -152.221,  -161.116,  -117.364,   105.779,   -20.000,     0.636,   163.379,   -31.116,   118.636,   105.779,   -31.116,   113.137,  -113.137,   -31.116,     0.636,  -169.821,   -31.116,   -17.364,  -152.221,  -161.116,  -113.137,   113.137,  -161.116,     0.636,   163.379,   -31.116,   118.636,   105.779,   -31.116,ComUpDown,    14.321,Success,,
55,'0111110011000100110111000100,false,true,true,false,true,true,Center,Center,LowerFront,Center,Center,Center,CenterFront,   459.364,   -46.779,   160.000,     1.000,     0.000,     0.000,     0.000,   138.636,   -72.221,   -20.000,     0.636,  -169.821,   -31.116,   -17.364,  -152.221,  -161.116,  -117.364,   105.779,   -20.000,     0.636,   163.379,   -31.116,   118.636,   105.779,   -31.116,   113.137,  -113.137,   -31.116,     0.636,  -169.821,   -31.116,   -17.364,  -152.221,  -161.116,  -113.137,   113.137,  -161.116,     0.636,   163.379,   -31.116,   118.636,   105.779,   -31.116,ComMove,    26.330,Success,,
56,'0010110011000100110011000100,false,true,true,false,true,true,Center,Center,Center,Center,Center,Center,FrontLeft,   557.315,   -94.400,   160.000,     1.000,     0.000,     0.000,     0.000,   138.636,   -72.221,   -20.000,   -97.315,  -122.200,   -31.116,  -115.315,  -104.600,  -161.116,  -117.364,   105.779,   -20.000,   -97.315,   211.000,   -31.116,    20.685,   153.400,   -31.116,   113.137,  -113.137,   -31.116,   -97.315,  -122.200,   -31.116,  -115.315,  -104.600,  -161.116,  -113.137,   113.137,  -161.116,   -97.315,   211.000,   -31.116,    20.685,   153.400,   -31.116,LegHierarchyChange,     6.487,Success,,
57,'0010110011000111110011000111,false,true,true,false,true,true,UpperFront,Center,Center,UpperFront,Center,Center,FrontLeft,   557.315,   -94.400,   160.000,     1.000,     0.000,     0.000,     0.000,   138.636,   -72.221,   -20.000,   -97.315,  -122.200,   -31.116,  -115.315,  -104.600,  -161.116,  -117.364,   105.779,   -20.000,   -97.315,   211.000,   -31.116,    20.685,   153.400,   -31.116,   113.137,  -113.137,   -31.116,   -97.315,  -122.200,   -31.116,  -115.315,  -104.600,  -161.116,  -113.137,   113.137,  -161.116,   -97.315,   211.000,   -31.116,    20.685,   153.400,   -31.116,LegUpDown,    96.549,Success,,
58,'0010010011000111010011001111,true,true,false,false,true,false,UpperFront,Center,Center,UpperFront,Center,Center,FrontLeft,   557.315,   -94.400,   160.000,     1.000,     0.000,     0.000,     0.000,   220.685,   -24.600,   -31.116,   -97.315,  -122.200,   -31.116,  -115.315,  -104.600,   -20.000,  -117.364,   105.779,   -20.000,   -97.315,   211.000,   -31.116,    20.685,   153.400,   -20.000,   220.685,   -24.600,   -31.116,   -97.315,  -122.200,   -31.116,  -113.137,  -113.137,  -161.116,  -113.137,   113.137,  -161.116,   -97.315,   211.000,   -31.116,   113.137,   113.137,   -31.116,ComUpDown,    14.317,Success,,
59,'0010010011000111010011001111,true,true,false,false,true,false,UpperFront,Center,Center,UpperFront,Center,Center,FrontLeft,   557.315,   -94.400,   160.000,     1.000,     0.000,     0.000,     0.000,   220.685,   -24.600,   -31.116,   -97.315,  -122.200,   -31.116,  -115.315,  -104.600,   -20.000,  -117.364,   105.779,   -20.000,   -97.315,   211.000,   -31.116,    20.685,   153.400,   -20.000,   220.685,   -24.600,   -31.116,   -97.315,  -122.200,   -31.116,  -113.137,  -113.137,  -161.116,  -113.137,   113.137,  -161.116,   -97.315,   211.000,   -31.116,   113.137,   113.137,   -31.116,ComMove,   240.250,Success,,
60,'0001010011000100010011001100,true,true,false,false,true,false,Center,Center,Center,Center,Center,Center,Front,   582.932,   -30.369,   160.000,     1.000,     0.000,     0.000,     0.000,   195.068,   -88.631,   -31.116,  -122.932,  -186.231,   -31.116,  -115.315,  -104.600,   -20.000,  -117.364,   105.779,   -20.000,  -122.932,   146.969,   -31.116,    20.685,   153.400,   -20.000,   195.068,   -88.631,   -31.116,  -122.932,  -186.231,   -31.116,  -113.137,  -113.137,  -161.116,  -113.137,   113.137,  -161.116,  -122.932,   146.969,   -31.116,   113.137,   113.137,   -31.116,LegHierarchyChange,    52.943,Success,,
61,'0001011111000101010111001100,true,true,false,false,true,false,Center,Center,LowerFront,LowerFront,Center,UpperFront,Front,   582.932,   -30.369,   160.000,     1.000,     0.000,     0.000,     0.000,   195.068,   -88.631,   -31.116,  -122.932,  -186.231,   -31.116,  -115.315,  -104.600,   -20.000,  -117.364,   105.779,   -20.000,  -122.932,   146.969,   -31.116,    20.685,   153.400,   -20.000,   195.068,   -88.631,   -31.116,  -122.932,  -186.231,   -31.116,  -113.137,  -113.137,  -161.116,  -113.137,   113.137,  -161.116,  -122.932,   146.969,   -31.116,   113.137,   113.137,   -31.116,LegUpDown,   524.723,Success,,
62,'0001111101001101110101001100,true,false,true,true,false,true,Center,Center,LowerFront,LowerFront,Center,UpperFront,Front,   582.932,   -30.369,   160.000,     1.000,     0.000,     0.000,     0.000,   195.068,   -88.631,   -31.116,  -122.932,  -186.231,   -20.000,   -20.932,  -148.631,   -31.116,   -40.932,   149.369,   -31.116,  -122.932,   146.969,   -20.000,   235.068,    29.369,   -31.116,   195.068,   -88.631,   -31.116,    -0.000,  -160.000,   -31.116,   -20.932,  -148.631,   -31.116,   -40.932,   149.369,   -31.116,    -0.000,   160.000,   -31.116,   235.068,    29.369,   -31.116,ComUpDown,    10.971,Success,,
63,'0001111101001101110101001100,true,false,true,true,false,true,Center,Center,LowerFront,LowerFront,Center,UpperFront,Front,   582.932,   -30.369,   160.000,     1.000,     0.000,     0.000,     0.000,   195.068,   -88.631,   -31.116,  -122.932,  -186.231,   -20.000,   -20.932,  -148.631,   -31.116,   -40.932,   149.369,   -31.116,  -122.932,   146.969,   -20.000,   235.068,    29.369,   -31.116,   195.068,   -88.631,   -31.116,    -0.000,  -160.000,   -31.116,   -20.932,  -148.631,   -31.116,   -40.932,   149.369,   -31.116,    -0.000,   160.000,   -31.116,   235.068,    29.369,   -31.116,ComMove,    14.715,Success,,
64,'0111110001001100110001001100,true,false,true,true,false,true,Center,Center,Center,Center,Center,Center,CenterFront,   656.000,   -39.000,   160.000,     1.000,     0.000,     0.000,     0.000,   122.000,   -80.000,   -31.116,  -122.932,  -186.231,   -20.000,   -94.000,  -140.000,   -31.116,  -114.000,   158.000,   -31.116,  -122.932,   146.969,   -20.000,   162.000,    38.000,   -31.116,   122.000,   -80.000,   -31.116,    -0.000,  -160.000,   -31.116,   -94.000,  -140.000,   -31.116,  -114.000,   158.000,   -31.116,    -0.000,   160.000,   -31.116,   162.000,    38.000,   -31.116,LegHierarchyChange,     6.032,Success,,
65,'0111110001111100110001111100,true,false,true,true,false,true,Center,UpperFront,Center,Center,UpperFront,Center,CenterFront,   656.000,   -39.000,   160.000,     1.000,     0.000,     0.000,     0.000,   122.000,   -80.000,   -31.116,  -122.932,  -186.231,   -20.000,   -94.000,  -140.000,   -31.116,  -114.000,   158.000,   -31.116,  -122.932,   146.969,   -20.000,   162.000,    38.000,   -31.116,   122.000,   -80.000,   -31.116,    -0.000,  -160.000,   -31.116,   -94.000,  -140.000,   -31.116,  -114.000,   158.000,   -31.116,    -0.000,   160.000,   -31.116,   162.000,    38.000,   -31.116,LegUpDown,   178.575,Success,,
66,'0111110011111100110001110100,false,false,true,true,true,true,Center,UpperFront,Center,Center,UpperFront,Center,CenterFront,   656.000,   -39.000,   160.000,     1.000,     0.000,     0.000,     0.000,   122.000,   -80.000,   -20.000,  -122.932,  -186.231,   -20.000,   -94.000,  -140.000,   -31.116,  -114.000,   158.000,   -31.116,   104.000,   135.600,   -31.116,   162.000,    38.000,   -31.116,   113.137,  -113.137,   -31.116,    -0.000,  -160.000,   -31.116,   -94.000,  -140.000,   -31.116,  -114.000,   158.000,   -31.116,   104.000,   135.600,   -31.116,   162.000,    38.000,   -31.116,ComUpDown,    16.613,Success,,
67,'0111110011111100110001110100,false,false,true,true,true,true,Center,UpperFront,Center,Center,UpperFront,Center,CenterFront,   656.000,   -39.000,   160.000,     1.000,     0.000,     0.000,     0.000,   122.000,   -80.000,   -20.000,  -122.932,  -186.231,   -20.000,   -94.000,  -140.000,   -31.116,  -114.000,   158.000,   -31.116,   104.000,   135.600,   -31.116,   162.000,    38.000,   -31.116,   113.137,  -113.137,   -31.116,    -0.000,  -160.000,   -31.116,   -94.000,  -140.000,   -31.116,  -114.000,   158.000,   -31.116,   104.000,   135.600,   -31.116,   162.000,    38.000,   -31.116,ComMove,    16.208,Success,,
68,'0111110011001100110001000100,false,false,true,true,true,true,Center,Center,Center,Center,Center,Center,CenterFront,   690.641,   -71.031,   160.000,     1.000,     0.000,     0.000,     0.000,   122.000,   -80.000,   -20.000,  -122.932,  -186.231,   -20.000,  -128.641,  -107.969,   -31.116,  -148.641,   190.031,   -31.116,    69.359,   167.631,   -31.116,   127.359,    70.031,   -31.116,   113.137,  -113.137,   -31.116,    -0.000,  -160.000,   -31.116,  -128.641,  -107.969,   -31.116,  -148.641,   190.031,   -31.116,    69.359,   167.631,   -31.116,   127.359,    70.031,   -31.116,LegHierarchyChange,     4.878,Success,,
69,'0111110011001100110001110111,false,false,true,true,true,true,UpperFront,UpperFront,Center,Center,Center,Center,CenterFront,   690.641,   -71.031,   160.000,     1.000,     0.000,     0.000,     0.000,   122.000,   -80.000,   -20.000,  -122.932,  -186.231,   -20.000,  -128.641,  -107.969,   -31.116,  -148.641,   190.031,   -31.116,    69.359,   167.631,   -31.116,   127.359,    70.031,   -31.116,   113.137,  -113.137,   -31.116,    -0.000,  -160.000,   -31.116,  -128.641,  -107.969,   -31.116,  -148.641,   190.031,   -31.116,    69.359,   167.631,   -31.116,   127.359,    70.031,   -31.116,LegUpDown,   122.880,Success,,
70,'0111010011000100110001111111,true,false,true,false,true,false,UpperFront,UpperFront,Center,Center,Center,Center,CenterFront,   690.641,   -71.031,   160.000,     1.000,     0.000,     0.000,     0.000,   227.359,   -27.969,   -31.116,  -122.932,  -186.231,   -20.000,  -128.641,  -107.969,   -31.116,  -148.641,   190.031,   -20.000,    69.359,   167.631,   -31.116,   127.359,    70.031,   -20.000,   227.359,   -27.969,   -31.116,    -0.000,  -160.000,   -31.116,  -128.641,  -107.969,   -31.116,  -113.137,   113.137,   -31.116,    69.359,   167.631,   -31.116,   113.137,   113.137,   -31.116,ComUpDown,    12.629,Success,,
71,'0111010011000100110001111111,true,false,true,false,true,false,UpperFront,UpperFront,Center,Center,Center,Center,CenterFront,   690.641,   -71.031,   160.000,     1.000,     0.000,     0.000,     0.000,   227.359,   -27.969,   -31.116,  -122.932,  -186.231,   -20.000,  -128.641,  -107.969,   -31.116,  -148.641,   190.031,   -20.000,    69.359,   167.631,   -31.116,   127.359,    70.031,   -20.000,   227.359,   -27.969,   -31.116,    -0.000,  -160.000,   -31.116,  -128.641,  -107.969,   -31.116,  -113.137,   113.137,   -31.116,    69.359,   167.631,   -31.116,   113.137,   113.137,   -31.116,ComMove,   262.429,Success,,
72,'0010010011000100110001001100,true,false,true,false,true,false,Center,Center,Center,Center,Center,Center,FrontLeft,   774.273,   -83.317,   160.000,     1.000,     0.000,     0.000,     0.000,   143.727,   -15.683,   -31.116,  -122.932,  -186.231,   -20.000,  -212.273,   -95.683,   -31.116,  -148.641,   190.031,   -20.000,   -14.273,   179.917,   -31.116,   127.359,    70.031,   -20.000,   143.727,   -15.683,   -31.116,    -0.000,  -160.000,   -31.116,  -212.273,   -95.683,   -31.116,  -113.137,   113.137,   -31.116,   -14.273,   179.917,   -31.116,   113.137,   113.137,   -31.116,LegHierarchyChange,    58.107,Success,,
73,'0010011111000101110001001100,true,false,true,false,true,false,Center,Center,Center,LowerFront,Center,UpperFront,FrontLeft,   774.273,   -83.317,   160.000,     1.000,     0.000,     0.000,     0.000,   143.727,   -15.683,   -31.116,  -122.932,  -186.231,   -20.000,  -212.273,   -95.683,   -31.116,  -148.641,   190.031,   -20.000,   -14.273,   179.917,   -31.116,   127.359,    70.031,   -20.000,   143.727,   -15.683,   -31.116,    -0.000,  -160.000,   -31.116,  -212.273,   -95.683,   -31.116,  -113.137,   113.137,   -31.116,   -14.273,   179.917,   -31.116,   113.137,   113.137,   -31.116,LegUpDown,   788.804,Success,,
74,'0010111111001101010011000100,false,true,false,true,true,true,Center,Center,Center,LowerFront,Center,UpperFront,FrontLeft,   774.273,   -83.317,   160.000,     1.000,     0.000,     0.000,     0.000,   143.727,   -15.683,   -20.000,     5.727,  -153.283,   -31.116,  -212.273,   -95.683,   -20.000,   -32.273,   142.317,   -31.116,   -14.273,   179.917,   -31.116,   223.727,    22.317,   -31.116,   113.137,  -113.137,   -31.116,     5.727,  -153.283,   -31.116,  -113.137,  -113.137,   -31.116,   -32.273,   142.317,   -31.116,   -14.273,   179.917,   -31.116,   223.727,    22.317,   -31.116,ComUpDown,    16.278,Success,,
75,'0010111111001101010011000100,false,true,false,true,true,true,Center,Center,Center,LowerFront,Center,UpperFront,FrontLeft,   774.273,   -83.317,   160.000,     1.000,     0.000,     0.000,     0.000,   143.727,   -15.683,   -20.000,     5.727,  -153.283,   -31.116,  -212.273,   -95.683,   -20.000,   -32.273,   142.317,   -31.116,   -14.273,   179.917,   -31.116,   223.727,    22.317,   -31.116,   113.137,  -113.137,   -31.116,     5.727,  -153.283,   -31.116,  -113.137,  -113.137,   -31.116,   -32.273,   142.317,   -31.116,   -14.273,   179.917,   -31.116,   223.727,    22.317,   -31.116,ComMove,    28.528,Success,,
76,'0010110011001100010011000100,false,true,false,true,true,true,Center,Center,Center,Center,Center,Center,FrontLeft,   859.974,  -110.307,   160.000,     1.000,     0.000,     0.000,     0.000,   143.727,   -15.683,   -20.000,   -79.974,  -126.293,   -31.116,  -212.273,   -95.683,   -20.000,  -117.974,   169.307,   -31.116,   -99.974,   206.907,   -31.116,   138.026,    49.307,   -31.116,   113.137,  -113.137,   -31.116,   -79.974,  -126.293,   -31.116,  -113.137,  -113.137,   -31.116,  -117.974,   169.307,   -31.116,   -99.974,   206.907,   -31.116,   138.026,    49.307,   -31.116,LegHierarchyChange,    10.059,Success,,
77,'0010110011001100010111000111,false,true,false,true,true,true,UpperFront,Center,LowerFront,Center,Center,Center,FrontLeft,   859.974,  -110.307,   160.000,     1.000,     0.000,     0.000,     0.000,   143.727,   -15.683,   -20.000,   -79.974,  -126.293,   -31.116,  -212.273,   -95.683,   -20.000,  -117.974,   169.307,   -31.116,   -99.974,   206.907,   -31.116,   138.026,    49.307,   -31.116,   113.137,  -113.137,   -31.116,   -79.974,  -126.293,   -31.116,  -113.137,  -113.137,   -31.116,  -117.974,   169.307,   -31.116,   -99.974,   206.907,   -31.116,   138.026,    49.307,   -31.116,LegUpDown,   182.412,Success,,
78,'0010010011001100110101001111,true,false,true,true,true,false,UpperFront,Center,LowerFront,Center,Center,Center,FrontLeft,   859.974,  -110.307,   160.000,     1.000,     0.000,     0.000,     0.000,   218.026,   -28.693,   -31.116,   -79.974,  -126.293,   -20.000,   -17.974,  -148.693,   -31.116,  -117.974,   169.307,   -31.116,   -99.974,   206.907,   -31.116,   138.026,    49.307,   -20.000,   218.026,   -28.693,   -31.116,    -0.000,  -160.000,   -31.116,   -17.974,  -148.693,   -31.116,  -117.974,   169.307,   -31.116,   -99.974,   206.907,   -31.116,   113.137,   113.137,   -31.116,ComUpDown,    14.630,Success,,
79,'0010010011001100110101001111,true,false,true,true,true,false,UpperFront,Center,LowerFront,Center,Center,Center,FrontLeft,   859.974,  -110.307,   160.000,     1.000,     0.000,     0.000,     0.000,   218.026,   -28.693,   -31.116,   -79.974,  -126.293,   -20.000,   -17.974,  -148.693,   -31.116,  -117.974,   169.307,   -31.116,   -99.974,   206.907,   -31.116,   138.026,    49.307,   -20.000,   218.026,   -28.693,   -31.116,    -0.000,  -160.000,   -31.116,   -17.974,  -148.693,   -31.116,  -117.974,   169.307,   -31.116,   -99.974,   206.907,   -31.116,   113.137,   113.137,   -31.116,ComMove,    14.956,Success,,
80,'0111010011001100110001001100,true,false,true,true,true,false,Center,Center,Center,Center,Center,Center,CenterFront,   909.194,   -85.896,   160.000,     1.000,     0.000,     0.000,     0.000,   168.806,   -53.104,   -31.116,   -79.974,  -126.293,   -20.000,   -67.194,  -173.104,   -31.116,  -167.194,   144.896,   -31.116,  -149.194,   182.496,   -31.116,   138.026,    49.307,   -20.000,   168.806,   -53.104,   -31.116,    -0.000,  -160.000,   -31.116,   -67.194,  -173.104,   -31.116,  -167.194,   144.896,   -31.116,  -149.194,   182.496,   -31.116,   113.137,   113.137,   -31.116,LegHierarchyChange,     4.601,Success,,
81,'0111011111001100110001111100,true,false,true,true,true,false,Center,UpperFront,Center,Center,Center,UpperFront,CenterFront,   909.194,   -85.896,   160.000,     1.000,     0.000,     0.000,     0.000,   168.806,   -53.104,   -31.116,   -79.974,  -126.293,   -20.000,   -67.194,  -173.104,   -31.116,  -167.194,   144.896,   -31.116,  -149.194,   182.496,   -31.116,   138.026,    49.307,   -20.000,   168.806,   -53.104,   -31.116,    -0.000,  -160.000,   -31.116,   -67.194,  -173.104,   -31.116,  -167.194,   144.896,   -31.116,  -149.194,   182.496,   -31.116,   113.137,   113.137,   -31.116,LegUpDown,   128.543,Success,,
82,'0111111101001100110011111100,true,true,true,true,false,true,Center,UpperFront,Center,Center,Center,UpperFront,CenterFront,   909.194,   -85.896,   160.000,     1.000,     0.000,     0.000,     0.000,   168.806,   -53.104,   -31.116,   110.806,  -150.704,   -31.116,   -67.194,  -173.104,   -31.116,  -167.194,   144.896,   -31.116,  -149.194,   182.496,   -20.000,   228.806,    24.896,   -31.116,   168.806,   -53.104,   -31.116,   110.806,  -150.704,   -31.116,   -67.194,  -173.104,   -31.116,  -167.194,   144.896,   -31.116,    -0.000,   160.000,   -31.116,   228.806,    24.896,   -31.116,ComUpDown,    14.569,Success,,
83,'0111111101001100110011111100,true,true,true,true,false,true,Center,UpperFront,Center,Center,Center,UpperFront,CenterFront,   909.194,   -85.896,   160.000,     1.000,     0.000,     0.000,     0.000,   168.806,   -53.104,   -31.116,   110.806,  -150.704,   -31.116,   -67.194,  -173.104,   -31.116,  -167.194,   144.896,   -31.116,  -149.194,   182.496,   -20.000,   228.806,    24.896,   -31.116,   168.806,   -53.104,   -31.116,   110.806,  -150.704,   -31.116,   -67.194,  -173.104,   -31.116,  -167.194,   144.896,   -31.116,    -0.000,   160.000,   -31.116,   228.806,    24.896,   -31.116,ComMove,     2.021,Success,,
84,'0111110001001100110011001100,true,true,true,true,false,true,Center,Center,Center,Center,Center,Center,CenterFront,   921.055,  -100.124,   160.000,     1.000,     0.000,     0.000,     0.000,   156.945,   -38.876,   -31.116,    98.945,  -136.476,   -31.116,   -79.055,  -158.876,   -31.116,  -179.055,   159.124,   -31.116,  -149.194,   182.496,   -20.000,   216.945,    39.124,   -31.116,   156.945,   -38.876,   -31.116,    98.945,  -136.476,   -31.116,   -79.055,  -158.876,   -31.116,  -179.055,   159.124,   -31.116,    -0.000,   160.000,   -31.116,   216.945,    39.124,   -31.116,LegHierarchyChange,     0.557,Success,,
85,'0111110001111100110011001100,true,true,true,true,false,true,Center,Center,Center,Center,UpperFront,Center,CenterFront,   921.055,  -100.124,   160.000,     1.000,     0.000,     0.000,     0.000,   156.945,   -38.876,   -31.116,    98.945,  -136.476,   -31.116,   -79.055,  -158.876,   -31.116,  -179.055,   159.124,   -31.116,  -149.194,   182.496,   -20.000,   216.945,    39.124,   -31.116,   156.945,   -38.876,   -31.116,    98.945,  -136.476,   -31.116,   -79.055,  -158.876,   -31.116,  -179.055,   159.124,   -31.116,    -0.000,   160.000,   -31.116,   216.945,    39.124,   -31.116,LegUpDown,    26.450,Success,,
86,'0111110011110100110001000100,false,false,true,false,true,true,Center,Center,Center,Center,UpperFront,Center,CenterFront,   921.055,  -100.124,   160.000,     1.000,     0.000,     0.000,     0.000,   156.945,   -38.876,   -20.000,    98.945,  -136.476,   -20.000,   -79.055,  -158.876,   -31.116,  -179.055,   159.124,   -20.000,   118.945,   156.724,   -31.116,   216.945,    39.124,   -31.116,   113.137,  -113.137,   -31.116,    -0.000,  -160.000,   -31.116,   -79.055,  -158.876,   -31.116,  -113.137,   113.137,   -31.116,   118.945,   156.724,   -31.116,   216.945,    39.124,   -31.116,ComUpDown,    14.790,Success,,
87,'0111110011110100110001000100,false,false,true,false,true,true,Center,Center,Center,Center,UpperFront,Center,CenterFront,   921.055,  -100.124,   160.000,     1.000,     0.000,     0.000,     0.000,   156.945,   -38.876,   -20.000,    98.945,  -136.476,   -20.000,   -79.055,  -158.876,   -31.116,  -179.055,   159.124,   -20.000,   118.945,   156.724,   -31.116,   216.945,    39.124,   -31.116,   113.137,  -113.137,   -31.116,    -0.000,  -160.000,   -31.116,   -79.055,  -158.876,   -31.116,  -113.137,   113.137,   -31.116,   118.945,   156.724,   -31.116,   216.945,    39.124,   -31.116,ComMove,   142.639,Success,,
88,'0100110011000100110001000100,false,false,true,false,true,true,Center,Center,Center,Center,Center,Center,Back,  1010.693,  -124.067,   160.000,     1.000,     0.000,     0.000,     0.000,   156.945,   -38.876,   -20.000,    98.945,  -136.476,   -20.000,  -168.693,  -134.933,   -31.116,  -179.055,   159.124,   -20.000,    29.307,   180.667,   -31.116,   127.307,    63.067,   -31.116,   113.137,  -113.137,   -31.116,    -0.000,  -160.000,   -31.116,  -168.693,  -134.933,   -31.116,  -113.137,   113.137,   -31.116,    29.307,   180.667,   -31.116,   127.307,    63.067,   -31.116,LegHierarchyChange,    28.801,Success,,
89,'0100110011000101110001110100,false,false,true,false,true,true,Center,UpperFront,Center,LowerFront,Center,Center,Back,  1010.693,  -124.067,   160.000,     1.000,     0.000,     0.000,     0.000,   156.945,   -38.876,   -20.000,    98.945,  -136.476,   -20.000,  -168.693,  -134.933,   -31.116,  -179.055,   159.124,   -20.000,    29.307,   180.667,   -31.116,   127.307,    63.067,   -31.116,   113.137,  -113.137,   -31.116,    -0.000,  -160.000,   -31.116,  -168.693,  -134.933,   -31.116,  -113.137,   113.137,   -31.116,    29.307,   180.667,   -31.116,   127.307,    63.067,   -31.116,LegUpDown,   818.439,Success,,
90,'0100010011001101010011111100,true,true,false,true,true,false,Center,UpperFront,Center,LowerFront,Center,Center,Back,  1010.693,  -124.067,   160.000,     1.000,     0.000,     0.000,     0.000,   107.307,  -114.933,   -31.116,   109.307,  -132.533,   -31.116,  -168.693,  -134.933,   -20.000,   -28.693,   143.067,   -31.116,    29.307,   180.667,   -31.116,   127.307,    63.067,   -20.000,   107.307,  -114.933,   -31.116,   109.307,  -132.533,   -31.116,  -113.137,  -113.137,   -31.116,   -28.693,   143.067,   -31.116,    29.307,   180.667,   -31.116,   113.137,   113.137,   -31.116,ComUpDown,    20.827,Success,,
91,'0100010011001101010011111100,true,true,false,true,true,false,Center,UpperFront,Center,LowerFront,Center,Center,Back,  1010.693,  -124.067,   160.000,     1.000,     0.000,     0.000,     0.000,   107.307,  -114.933,   -31.116,   109.307,  -132.533,   -31.116,  -168.693,  -134.933,   -20.000,   -28.693,   143.067,   -31.116,    29.307,   180.667,   -31.116,   127.307,    63.067,   -20.000,   107.307,  -114.933,   -31.116,   109.307,  -132.533,   -31.116,  -113.137,  -113.137,   -31.116,   -28.693,   143.067,   -31.116,    29.307,   180.667,   -31.116,   113.137,   113.137,   -31.116,ComMove,    46.553,Success,,
92,'0110010011001100010011001100,true,true,false,true,true,false,Center,Center,Center,Center,Center,Center,FrontRight,  1099.398,   -76.824,   160.000,     1.000,     0.000,     0.000,     0.000,    18.602,  -162.176,   -31.116,    20.602,  -179.776,   -31.116,  -168.693,  -134.933,   -20.000,  -117.398,    95.824,   -31.116,   -59.398,   133.424,   -31.116,   127.307,    63.067,   -20.000,    18.602,  -162.176,   -31.116,    20.602,  -179.776,   -31.116,  -113.137,  -113.137,   -31.116,  -117.398,    95.824,   -31.116,   -59.398,   133.424,   -31.116,   113.137,   113.137,   -31.116,LegHierarchyChange,    14.597,Success,,
93,'0110011111001100010011001100,true,true,false,true,true,false,Center,Center,Center,Center,Center,UpperFront,FrontRight,  1099.398,   -76.824,   160.000,     1.000,     0.000,     0.000,     0.000,    18.602,  -162.176,   -31.116,    20.602,  -179.776,   -31.116,  -168.693,  -134.933,   -20.000,  -117.398,    95.824,   -31.116,   -59.398,   133.424,   -31.116,   127.307,    63.067,   -20.000,    18.602,  -162.176,   -31.116,    20.602,  -179.776,   -31.116,  -113.137,  -113.137,   -31.116,  -117.398,    95.824,   -31.116,   -59.398,   133.424,   -31.116,   113.137,   113.137,   -31.116,LegUpDown,   164.802,Success,,
94,'0110111111001100110011000100,false,true,true,true,true,true,Center,Center,Center,Center,Center,UpperFront,FrontRight,  1099.398,   -76.824,   160.000,     1.000,     0.000,     0.000,     0.000,    18.602,  -162.176,   -20.000,    20.602,  -179.776,   -31.116,  -117.398,  -122.176,   -31.116,  -117.398,    95.824,   -31.116,   -59.398,   133.424,   -31.116,   178.602,    15.824,   -31.116,   113.137,  -113.137,   -31.116,    20.602,  -179.776,   -31.116,  -117.398,  -122.176,   -31.116,  -117.398,    95.824,   -31.116,   -59.398,   133.424,   -31.116,   178.602,    15.824,   -31.116,ComUpDown,    14.449,Success,,
95,'0110111111001100110011000100,false,true,true,true,true,true,Center,Center,Center,Center,Center,UpperFront,FrontRight,  1099.398,   -76.824,   160.000,     1.000,     0.000,     0.000,     0.000,    18.602,  -162.176,   -20.000,    20.602,  -179.776,   -31.116,  -117.398,  -122.176,   -31.116,  -117.398,    95.824,   -31.116,   -59.398,   133.424,   -31.116,   178.602,    15.824,   -31.116,   113.137,  -113.137,   -31.116,    20.602,  -179.776,   -31.116,  -117.398,  -122.176,   -31.116,  -117.398,    95.824,   -31.116,   -59.398,   133.424,   -31.116,   178.602,    15.824,   -31.116,ComMove,     2.080,Success,,
96,'0110110011001100110011000100,false,true,true,true,true,true,Center,Center,Center,Center,Center,Center,FrontRight,  1139.231,  -109.431,   160.000,     1.000,     0.000,     0.000,     0.000,    18.602,  -162.176,   -20.000,   -19.231,  -147.169,   -31.116,  -157.231,   -89.569,   -31.116,  -157.231,   128.431,   -31.116,   -99.231,   166.031,   -31.116,   138.769,    48.431,   -31.116,   113.137,  -113.137,   -31.116,   -19.231,  -147.169,   -31.116,  -157.231,   -89.569,   -31.116,  -157.231,   128.431,   -31.116,   -99.231,   166.031,   -31.116,   138.769,    48.431,   -31.116,LegHierarchyChange,     0.575,Success,,
97,'0110110011001100110011000111,false,true,true,true,true,true,UpperFront,Center,Center,Center,Center,Center,FrontRight,  1139.231,  -109.431,   160.000,     1.000,     0.000,     0.000,     0.000,    18.602,  -162.176,   -20.000,   -19.231,  -147.169,   -31.116,  -157.231,   -89.569,   -31.116,  -157.231,   128.431,   -31.116,   -99.231,   166.031,   -31.116,   138.769,    48.431,   -31.116,   113.137,  -113.137,   -31.116,   -19.231,  -147.169,   -31.116,  -157.231,   -89.569,   -31.116,  -157.231,   128.431,   -31.116,   -99.231,   166.031,   -31.116,   138.769,    48.431,   -31.116,LegUpDown,    32.591,Success,,
98,'0110010011001100110011001111,true,true,true,true,true,false,UpperFront,Center,Center,Center,Center,Center,FrontRight,  1139.231,  -109.431,   160.000,     1.000,     0.000,     0.000,     0.000,   218.769,   -29.569,   -31.116,   -19.231,  -147.169,   -31.116,  -157.231,   -89.569,   -31.116,  -157.231,   128.431,   -31.116,   -99.231,   166.031,   -31.116,   138.769,    48.431,   -20.000,   218.769,   -29.569,   -31.116,   -19.231,  -147.169,   -31.116,  -157.231,   -89.569,   -31.116,  -157.231,   128.431,   -31.116,   -99.231,   166.031,   -31.116,   113.137,   113.137,   -31.116,ComUpDown,    18.093,Success,,
99,'0110010011001100110011001111,true,true,true,true,true,false,UpperFront,Center,Center,Center,Center,Center,FrontRight,  1139.231,  -109.431,   160.000,     1.000,     0.000,     0.000,     0.000,   218.769,   -29.569,   -31.116,   -19.231,  -147.169,   -31.116,  -157.231,   -89.569,   -31.116,  -157.231,   128.431,   -31.116,   -99.231,   166.031,   -31.116,   138.769,    48.431,   -20.000,   218.769,   -29.569,   -31.116,   -19.231,  -147.169,   -31.116,  -157.231,   -89.569,   -31.116,  -157.231,   128.431,   -31.116,   -99.231,   166.031,   -31.116,   113.137,   113.137,   -31.116,ComMove,     2.157,Success,,
100,'0111010011001100110011001100,true,true,true,true,true,false,Center,Center,Center,Center,Center,Center,CenterFront,  1161.294,   -95.540,   160.000,     1.000,     0.000,     0.000,     0.000,   196.706,   -43.460,   -31.116,   -41.294,  -161.060,   -31.116,  -179.294,  -103.460,   -31.116,  -179.294,   114.540,   -31.116,  -121.294,   152.140,   -31.116,   138.769,    48.431,   -20.000,   196.706,   -43.460,   -31.116,   -41.294,  -161.060,   -31.116,  -179.294,  -103.460,   -31.116,  -179.294,   114.540,   -31.116,  -121.294,   152.140,   -31.116,   113.137,   113.137,   -31.116,LegHierarchyChange,     0.634,Success,,
101,'0111011111001100110011001100,true,true,true,true,true,false,Center,Center,Center,Center,Center,UpperFront,CenterFront,  1161.294,   -95.540,   160.000,     1.000,     0.000,     0.000,     0.000,   196.706,   -43.460,   -31.116,   -41.294,  -161.060,   -31.116,  -179.294,  -103.460,   -31.116,  -179.294,   114.540,   -31.116,  -121.294,   152.140,   -31.116,   138.769,    48.431,   -20.000,   196.706,   -43.460,   -31.116,   -41.294,  -161.060,   -31.116,  -179.294,  -103.460,   -31.116,  -179.294,   114.540,   -31.116,  -121.294,   152.140,   -31.116,   113.137,   113.137,   -31.116,LegUpDown,    40.794,Success,,
102,'0111111101001100110011001100,true,true,true,true,false,true,Center,Center,Center,Center,Center,UpperFront,CenterFront,  1161.294,   -95.540,   160.000,     1.000,     0.000,     0.000,     0.000,   196.706,   -43.460,   -31.116,   -41.294,  -161.060,   -31.116,  -179.294,  -103.460,   -31.116,  -179.294,   114.540,   -31.116,  -121.294,   152.140,   -20.000,   236.706,    34.540,   -31.116,   196.706,   -43.460,   -31.116,   -41.294,  -161.060,   -31.116,  -179.294,  -103.460,   -31.116,  -179.294,   114.540,   -31.116,    -0.000,   160.000,   -31.116,   236.706,    34.540,   -31.116,ComUpDown,    18.095,Success,,
103,'0111111101001100110011001100,true,true,true,true,false,true,Center,Center,Center,Center,Center,UpperFront,CenterFront,  1161.294,   -95.540,   160.000,     1.000,     0.000,     0.000,     0.000,   196.706,   -43.460,   -31.116,   -41.294,  -161.060,   -31.116,  -179.294,  -103.460,   -31.116,  -179.294,   114.540,   -31.116,  -121.294,   152.140,   -20.000,   236.706,    34.540,   -31.116,   196.706,   -43.460,   -31.116,   -41.294,  -161.060,   -31.116,  -179.294,  -103.460,   -31.116,  -179.294,   114.540,   -31.116,    -0.000,   160.000,   -31.116,   236.706,    34.540,   -31.116,ComMove,     0.894,Success,,
104,'0111110001001100110011001100,true,true,true,true,false,true,Center,Center,Center,Center,Center,Center,CenterFront,  1183.929,  -106.819,   160.000,     1.000,     0.000,     0.000,     0.000,   174.071,   -32.181,   -31.116,   -63.929,  -149.781,   -31.116,  -201.929,   -92.181,   -31.116,  -201.929,   125.819,   -31.116,  -121.294,   152.140,   -20.000,   214.071,    45.819,   -31.116,   174.071,   -32.181,   -31.116,   -63.929,  -149.781,   -31.116,  -201.929,   -92.181,   -31.116,  -201.929,   125.819,   -31.116,    -0.000,   160.000,   -31.116,   214.071,    45.819,   -31.116,LegHierarchyChange,     0.612,Success,,
105,'0111110001001100110011001100,true,true,true,true,false,true,Center,Center,Center,Center,Center,Center,CenterFront,  1183.929,  -106.819,   160.000,     1.000,     0.000,     0.000,     0.000,   174.071,   -32.181,   -31.116,   -63.929,  -149.781,   -31.116,  -201.929,   -92.181,   -31.116,  -201.929,   125.819,   -31.116,  -121.294,   152.140,   -20.000,   214.071,    45.819,   -31.116,   174.071,   -32.181,   -31.116,   -63.929,  -149.781,   -31.116,  -201.929,   -92.181,   -31.116,  -201.929,   125.819,   -31.116,    -0.000,   160.000,   -31.116,   214.071,    45.819,   -31.116,LegUpDown,    38.458,Success,,
106,'0111110011000100010011000100,false,true,false,false,true,true,Center,Center,Center,Center,Center,Center,CenterFront,  1183.929,  -106.819,   160.000,     1.000,     0.000,     0.000,     0.000,   174.071,   -32.181,   -20.000,   -63.929,  -149.781,   -31.116,  -201.929,   -92.181,   -20.000,  -201.929,   125.819,   -20.000,    -3.929,   163.419,   -31.116,   214.071,    45.819,   -31.116,   113.137,  -113.137,   -31.116,   -63.929,  -149.781,   -31.116,  -113.137,  -113.137,   -31.116,  -113.137,   113.137,   -31.116,    -3.929,   163.419,   -31.116,   214.071,    45.819,   -31.116,ComUpDown,    24.864,Success,,
107,'0111110011000100010011000100,false,true,false,false,true,true,Center,Center,Center,Center,Center,Center,CenterFront,  1183.929,  -106.819,   160.000,     1.000,     0.000,     0.000,     0.000,   174.071,   -32.181,   -20.000,   -63.929,  -149.781,   -31.116,  -201.929,   -92.181,   -20.000,  -201.929,   125.819,   -20.000,    -3.929,   163.419,   -31.116,   214.071,    45.819,   -31.116,   113.137,  -113.137,   -31.116,   -63.929,  -149.781,   -31.116,  -113.137,  -113.137,   -31.116,  -113.137,   113.137,   -31.116,    -3.929,   163.419,   -31.116,   214.071,    45.819,   -31.116,ComMove,   442.321,Success,,
108,'0110110011000100010011000100,false,true,false,false,true,true,Center,Center,Center,Center,Center,Center,FrontRight,  1259.894,   -87.151,   160.000,     1.000,     0.000,     0.000,     0.000,   174.071,   -32.181,   -20.000,  -139.894,  -169.449,   -31.116,  -201.929,   -92.181,   -20.000,  -201.929,   125.819,   -20.000,   -79.894,   143.751,   -31.116,   138.106,    26.151,   -31.116,   113.137,  -113.137,   -31.116,  -139.894,  -169.449,   -31.116,  -113.137,  -113.137,   -31.116,  -113.137,   113.137,   -31.116,   -79.894,   143.751,   -31.116,   138.106,    26.151,   -31.116,LegHierarchyChange,    96.627,Success,,


T,   818.439,[milli_sec]
T,     0.557,[milli_sec]
T, 10233.341,[milli_sec]
T,    94.753,[milli_sec]
U, 26494.113,[milli_sec^2]
W,   162.770,[milli_sec]
Sf[^68%   257.523 [milli_sec]     0.000 [milli_sec]D

X,  1285.631,[mm]
Y,   -58.379,[mm]
Z,   130.000,[mm]
X,    11.904,[mm/]
Y,    -0.541,[mm/]
Z,     1.204,[mm/]
